CPU_usage,GPU_usage,Bandwidth_MBps,Latency_ms,FrameRate_fps,Jitter_ms,QoE_score
71,65,19.7703227313358,66.2023883278471,59.1070603324463,13.085299986692288,3
34,40,8.092595286444869,32.207380233692916,57.969682746866326,8.567330432692033,3
91,55,16.84166626309149,133.47890376102902,52.248078583553564,1.1294792601024342,1
80,73,15.702266748346004,125.32893261416312,38.38247652528216,10.944736516281965,1
40,76,11.227322022896601,111.04101738040511,33.94960766379775,18.50875444624094,2
94,20,10.439989821710416,48.01658663757393,55.64110350279593,16.429474609164902,3
94,82,9.90189091984119,66.34252924071365,34.95906858413884,16.67901605393299,3
43,73,16.194583018099877,24.384755343339272,55.627823669920076,16.106102334516493,3
22,74,12.1754285390554,36.46553346185444,44.722950201370814,7.150885686598049,4
41,59,21.132851604782708,119.62232922434261,42.196703514243126,15.538682841333447,2
72,34,17.400860171081124,110.10542063909574,57.095723365032875,3.7200657984126666,2
21,40,3.608426931316985,93.08800681663085,48.11552947620834,13.496606798243116,2
49,66,16.723869148047818,135.4017416296642,47.29842021389153,13.189802767014893,1
57,92,8.236391039504252,91.65731249382635,46.762978338731926,1.4858261827049586,2
21,72,15.634675808028721,75.3755199949055,41.13508548058594,15.9714325382277,3
83,28,17.643034415379383,57.65190448280678,53.56929310587382,18.16171399680748,3
79,93,7.309071350542277,141.66279080306415,37.58395332047319,6.0808902909700455,1
40,71,12.50774883224848,21.58016461340949,58.16684880123825,16.435423759536867,3
52,76,6.377471844838559,140.32423208851318,56.81955615140882,2.5657134653770157,1
95,45,3.203794143089691,125.74005239034257,40.12440977024694,12.399389306960254,1
77,60,10.704957740174988,28.19018943499818,51.88391309494991,10.227290441351265,3
41,54,10.347718252457815,89.0978100745355,47.196695833487745,11.372547132871,2
68,82,24.896051286197913,131.31671744487215,40.12947905997704,18.597898835802557,1
78,44,12.26610407754577,90.05328290500152,59.6556494398634,17.554989697690218,2
61,94,9.67209963786061,137.00797501848712,30.757120375447926,15.916589487555385,1
79,57,15.350925154483516,142.01773435424596,37.5793809186386,6.200270695889048,1
99,21,4.041650064478675,69.13383310580282,45.60222183333451,18.324553945035742,3
34,26,24.118311926960704,62.82391259688531,45.65859010435692,2.8526461568136297,3
81,53,16.604081048593763,141.08496155568196,47.66799224836693,17.213255114616967,1
81,36,19.3612698586395,104.51960856095353,52.55028516068758,7.235041374718548,2
66,62,5.920992578000103,26.2431753887437,48.70433491557889,2.021673921577684,3
81,78,11.41799061911969,15.920844891175367,48.008443815841105,13.717782700574217,3
70,70,11.72184960811236,89.04806713961683,31.6054338873913,5.394318638003154,2
74,73,20.901548209724996,140.22393516137944,41.29590863367895,5.627851391428006,1
83,43,2.0284436344664174,128.1948183368146,36.96167219103468,6.8148961583466585,1
22,44,8.919621492124866,104.6186845050071,37.96110334805926,2.2100105825478176,2
70,90,24.56843660991899,29.476218844752253,46.63012423021034,4.365415739766827,4
26,71,12.922390500643028,45.592393724817384,35.98515944788825,1.0976529241256459,4
40,89,10.79810444561219,132.57157171736625,38.81847303050692,9.46278090100995,1
92,52,4.756067046405866,35.59301313196606,37.1125412555202,2.6008521709414545,3
58,68,24.405786458444357,48.981517155060835,58.45508829654584,13.97039949583978,3
37,48,2.4606061862939628,28.14409116736187,58.339971965132854,5.476834172641319,3
23,82,18.955145175166592,104.65515239801756,48.29824675788155,18.927908736668364,2
79,41,19.677795510135695,142.15752275084935,57.735674061957,17.5537809205744,1
33,45,7.604104469468933,47.65552442335404,53.5743793640512,6.4993770043959564,3
28,47,17.44584420309986,76.55692509901031,47.69843648405426,15.881093638476896,3
72,68,4.137370320725968,98.80756355956859,30.193056344903873,16.26165318863132,2
21,90,7.912087127937837,149.9252747501883,53.17548858238212,19.7446991681738,1
79,68,20.121745730722093,24.673129099660095,51.07465024765406,12.358959750068014,3
90,39,21.887782416771426,79.79991193079928,48.457609598472416,2.5573489582295816,3
63,82,15.9951874911752,63.91681678635001,52.81272935047415,13.289907349601238,3
27,80,13.657283931871099,131.21482313112972,45.38766494324297,12.874615219144669,1
66,68,5.663992474236547,76.63548234163183,51.12249813964017,13.128660970988204,3
54,90,3.451507760820454,25.536853441920734,58.0551626017948,6.835767313980019,3
97,20,4.705927654891848,98.81938034012171,41.27415047538259,17.333912116526324,2
55,32,7.229217902210272,117.90928655694317,51.24365504701876,19.229971476152826,2
69,70,9.85851354362918,10.403375233186043,44.27063454032876,5.136537746584879,3
23,75,10.760919086752706,130.25393595888812,50.23198955441944,2.674891004596245,1
21,81,9.96540067754708,36.043220000793184,52.886800066630926,4.696165630201198,3
25,51,7.498272640537109,87.2897110514729,31.363575013073877,16.590490645858658,2
73,49,13.723657675289058,68.21165009624302,49.39801331845986,13.856248061577102,3
23,48,20.981580489356627,110.75153432547425,36.802235532208336,13.084899504443406,2
73,68,8.433181384844023,61.96262607000386,50.100976134227004,8.634069567079067,3
82,64,23.674901439351363,131.76684473543952,44.0499055780144,11.978731458717279,1
37,49,22.0867432196485,112.26949053423063,53.206582255946614,6.849608380212981,2
63,35,5.720576861098521,100.67984394880901,33.70202445616789,10.066801508941264,2
53,59,20.084347005413175,121.4736833787996,48.78967054968585,16.068197539042462,1
93,38,15.215509793308632,115.56322488997353,38.35412186782657,19.64359035165378,2
81,37,15.031233329942626,15.031414489017468,55.589459859917746,18.717289548206235,3
33,20,10.993983550338012,65.26280953827595,57.85150516908922,18.743452914078727,3
67,97,13.526518981186223,140.31302162430856,59.89194881037166,8.642250962095135,1
34,66,11.135111880871854,27.601397658911672,53.8802220728185,9.907007729629028,4
91,85,14.413850231478685,113.19351706048718,52.61202211284014,14.40707253101065,2
97,57,16.442851213770624,146.44285358694614,36.46502276602653,18.521646632974402,1
81,70,17.50898754740811,17.30780806629603,40.08021176970326,3.6978909276896084,4
59,82,14.247067428866801,105.50714328772547,43.97047625286839,6.780595412716719,2
99,23,18.592707548560828,75.54157978214425,53.20143143346749,3.645690047288081,3
72,20,5.249395133336634,91.0845357524611,57.448975952339055,12.628162069229651,2
43,27,6.875597290751486,21.94778710780548,35.674173000689535,6.819718940863213,3
45,48,20.830905093708214,16.020973261371527,57.67102454010309,7.196049197738896,4
79,74,9.41814349046755,103.36133247712904,50.86873957062174,2.3474032302716057,2
60,22,2.526557974450766,125.2633201749005,48.32312192055116,7.646125174344247,1
48,51,5.537196442364715,119.48214689061541,35.995238138458184,17.38743364063012,2
34,29,7.1431319934151585,86.13280190127324,31.665750984274517,5.428383425925864,2
64,93,24.018426421575505,23.981354959064944,47.053946955238196,14.208561857991247,3
84,53,15.179952865409534,106.32622213704194,49.545470499866774,12.962938553833261,2
90,74,23.45280703095386,43.864443697580434,36.32344348064065,17.40620755901319,3
28,51,15.228757061422373,137.54961838743372,46.69368617476369,3.5134710053697265,1
20,69,13.02515212317059,127.35715033639869,55.6948020828772,19.57420924655582,1
27,26,9.21573689746421,109.31361539223472,55.051978363650605,12.069944274766947,2
82,27,15.946531721967638,142.83843381635825,57.82065541758892,19.91400889458947,1
30,84,5.201554566203186,14.39905501157821,40.97657428670641,18.318779791451167,3
27,76,22.66001742773224,113.06805950850668,39.54148717652756,5.20882817014901,2
54,86,21.074645318249527,56.23398910709675,52.48278017942426,2.0670781881629487,4
54,78,9.303223301164952,136.84922399609115,42.93337215291015,5.857142782111869,1
52,91,23.91434313482977,47.33452753267686,32.62645992083342,11.023709330988977,3
24,73,20.97961765055807,111.47990990410239,38.484033920114996,4.2603309742386095,2
60,86,17.325058374205913,132.8705827511094,42.557468565944674,4.181735145841781,1
47,70,4.80052395588132,15.83195457357554,38.77549276428756,9.789277394997908,3
26,27,12.999382530105663,65.67066114288505,39.96616712841965,1.63209145221781,3
92,53,13.64047376147527,116.72326448307142,38.813277185231726,3.3158735681131386,2
91,54,7.348681242403742,73.68864453106218,31.244975015492383,8.901365448751005,3
31,97,3.8392040702639445,47.415368171103346,49.11284102473327,2.1994682749513625,3
53,51,19.86464350084893,40.7727488352466,47.91877261060408,8.538346072655058,4
52,65,4.806806198861086,28.41255736829291,49.60150495436042,10.006119053020457,3
67,35,15.668687262920818,129.99813837987952,35.76929688100883,9.574065667389174,1
42,87,23.53833099932419,90.54975645521783,38.86963624837456,17.514322290658658,2
81,56,22.15041942975498,20.69389229880384,48.58847780834767,11.071186645982916,3
56,73,8.388310346233006,63.56124529988896,47.98882705379764,9.891628787082825,3
63,33,21.5833186636791,61.482711112715386,45.18990928062804,8.803475662441658,3
54,74,2.0076476407712565,35.44348669932482,40.51239750030592,16.53484418778524,3
84,67,2.406819621104916,70.9710675661067,57.387930143240695,18.00607547599683,3
66,26,15.858722768385894,56.4939111550391,40.19310726896531,17.211606914745232,3
97,93,10.390359040324178,57.852518768905554,43.66857469311755,13.797384984496427,3
22,26,10.888599346660385,113.46371809031422,50.34341492862626,3.6098731734048104,2
20,52,14.982145085614297,41.25687397072748,46.290642926002924,6.260529420348233,4
24,42,6.410996478612793,99.86039423974975,40.40657929093157,1.8751982099575712,2
33,38,6.870373065306002,89.89094734333088,43.0693437136953,18.685657424812167,2
46,38,13.145836501433887,89.53295172730142,53.83442453560518,13.555172064127296,2
28,55,19.34783151990885,102.82102845984863,38.343874664598374,15.180894801951588,2
98,48,16.248448282374518,86.77348506739155,34.267657193304466,6.91986305206235,2
34,79,8.839166109447294,133.09571607849387,39.39489605489331,17.067416923269505,1
61,21,11.897755082705187,104.58121287303638,55.486026464637035,5.932462390461092,2
96,20,5.9252894466499635,86.57485519199433,32.6696914456904,1.031231385136544,2
70,66,3.7164857297528795,126.16683684027028,59.75088220117355,8.151884287893186,1
82,88,20.00200893711543,94.86051909068716,46.23008696782988,11.844468138222394,2
71,39,8.103910411328474,50.76019468992506,59.54537231901282,10.095392301344928,3
23,30,6.088626920578709,38.993288544719974,58.16989266257933,17.379446708955342,3
42,21,17.907215278094345,31.325889992775032,43.584411426327506,3.002700433167172,4
34,86,16.21518850860528,135.92372975645424,35.954732238160474,11.522645372040786,1
62,31,16.563361398309674,109.41896045172922,34.946543296954154,10.74660764659724,2
48,39,7.264575911472113,141.2329813430049,37.19968091609873,6.346466661271098,1
55,24,7.350847386941663,94.46085280009203,51.30397921693611,16.6223341389632,2
32,56,7.0784604850697,76.27612340928776,38.18849984194463,15.30412446176192,3
51,57,5.996309700232773,18.360308455924503,40.24275808812895,14.924324559304788,3
90,28,17.081644468918093,104.02991941644417,43.463364119838445,17.647657087121566,2
78,72,21.504365360736234,91.50922636755236,57.396980412643686,14.732907411808903,2
47,63,18.659301802563206,148.629245102267,35.68180253654538,5.404984542579802,1
85,43,20.218153576492494,43.482228889514026,30.150796578294095,14.405691521344131,3
61,93,11.310363868959595,84.30322974015702,31.802892311345104,6.8463534544070335,2
64,49,17.043743293555956,101.13402691653017,57.14299025040354,5.60131835660194,2
81,78,10.147433530229815,100.24276446392811,49.42549394530089,2.3870682650929194,2
76,33,14.08660630527872,88.58109601277638,38.1912185798342,15.136543026605857,2
25,28,13.077601470301833,118.76992144581156,35.315775030335736,14.509018277046414,2
47,59,6.0684043383086514,38.697369333754295,38.828002099113434,5.455490075807781,3
47,85,10.902811487719509,111.58780803841822,33.4439078175384,15.238201317758964,2
63,44,24.167912336094073,96.76284000063248,58.24598730853323,18.43897677877751,2
49,92,7.7173459274436675,135.45051565124027,53.526185230958006,3.052550192340006,1
81,41,5.077485934428241,128.60722146470144,43.87173530737622,5.420096129348724,1
94,23,11.62735429735051,54.12058547855746,55.94887815345606,15.254955087658994,3
81,45,20.177767924783407,48.67322549652143,37.483746128796966,6.215626796634487,4
20,77,15.389409284939362,147.4314653393427,51.513617054165806,12.868615511390619,1
46,48,17.662421026479624,83.81712532813592,55.68397497041231,2.542120264810576,2
81,56,6.362981508017575,136.89893494802115,40.70306134869818,9.591847102967236,1
96,94,16.235808439177596,32.943343329267506,52.72393336352153,15.04273701786611,3
22,89,9.440509082963896,99.9946480720244,38.85217047792928,14.043764917821798,2
89,37,21.188977416959652,123.38042623048207,38.965714057770924,16.48636991284033,1
91,61,16.47387253824693,142.63533494210256,33.21171535662558,17.671590405460208,1
46,60,6.573694388831806,57.22761974238329,43.201741395281964,15.690486523916407,3
28,57,3.4861836364139815,111.49736378936734,51.89135719492266,13.760167115839593,2
81,53,2.980563813601753,85.43382126554667,58.20662416713855,1.6027273445045918,2
56,36,10.542397055953238,18.488049649305545,48.11390975787288,11.164366794779436,3
70,56,8.11457614304921,106.59996322325208,55.89406613207217,1.7162567733822032,2
63,44,16.860072839637684,106.61351815329809,54.674839478706815,16.35328852520443,2
43,95,13.48467820450822,140.2849526785152,35.20029158925843,7.093765964739194,1
98,46,8.118443394123757,79.62374246365614,44.574522867378946,11.686158108240498,3
78,76,5.43246889285405,42.23512889947205,33.507706065761745,6.30946083905915,3
51,50,4.925594541811341,16.23893528281508,50.46459484684905,15.867502743225579,3
71,25,21.887189019229606,68.18990613602679,58.49699004738228,17.843548006196148,3
81,59,7.599993273311947,52.26833801085026,34.11268374236269,8.574207390048215,3
77,31,16.989344901952272,116.55236284334258,52.016493924076244,17.39552547670879,2
71,72,20.645776343684123,59.59748707774652,48.967144526035824,6.074425141670315,4
31,90,16.12387015724893,142.86996748407816,47.50815111024299,11.158557538434952,1
58,29,21.770000327879753,144.72342841828979,41.703607040650176,17.316467166935375,1
21,64,11.025055595154914,96.92720263047913,40.653949432614375,7.191745509700017,2
22,36,23.99311038492581,140.0124401820836,31.357475670566636,19.12680303648363,1
75,45,5.06233509609623,116.51960823202938,36.5372612475604,3.315710533846289,2
78,81,4.349439182123376,86.56034973651767,30.455306468604807,1.3472263247466185,2
21,65,17.1499193627712,35.24311095918894,47.44251316746062,18.17857169898562,3
21,83,23.68511625250502,74.2037120919376,33.17559707633727,2.3043246568095723,3
73,21,20.604319617635547,88.52242487076646,56.19058182089148,19.845894723002342,2
20,73,3.757587767075183,130.95462130290144,45.694290620914956,19.076540377603017,1
38,84,8.425457420498477,77.38667271499308,50.99069727176125,3.6033972906900926,3
21,70,23.397334351269944,135.67445417491393,42.325712755214894,11.21410788815875,1
72,72,7.820343954418044,104.40885706328565,46.81739427003146,4.513485651875742,2
63,55,19.966919747099144,29.179868827513992,58.279775308998914,9.134948287572277,4
51,45,20.978040506360188,149.297391705513,32.48202118871012,2.1670774559368207,1
89,48,13.39539837960258,83.81257250554776,37.618133157710886,5.254567168135201,2
51,40,10.886024926511256,64.86016149727104,53.39964980731633,7.902183131579092,3
87,30,12.352861945654471,102.27592702573371,32.962116206479976,9.33430250467504,2
74,59,7.220187970403376,25.245063957345472,32.269833117123326,19.57242890596897,3
94,30,22.455991070963417,99.11541054546962,40.84624196262116,16.349447267995643,2
75,55,12.364252104784432,79.75304006989822,32.76503875417297,15.010788941926977,3
36,78,22.296567130490295,66.93436979980163,47.55235326618609,11.203784980097511,3
57,58,4.430950037844304,143.4228029650459,36.78825752449799,16.959957451482524,1
43,73,24.73033123300302,83.15556034248745,56.87093889598117,7.44713387745851,2
88,74,12.19528101120322,40.676447125791384,53.5050024253577,14.469083142693005,3
89,43,3.100108869064426,74.2548871128218,50.991156182984284,19.88189553218527,3
30,41,2.874502509461463,138.71423664017416,48.50832082153506,6.977949269768777,1
35,88,19.162766922082287,34.653365986283255,55.9039719102439,13.80633316279538,3
92,75,17.157817286684658,39.95398541635316,36.691861846282706,17.041982418895266,3
78,52,20.44900283693451,11.824139485991726,56.19326528292683,18.400344083662773,3
89,55,4.423453280914537,11.986606915407405,53.68476895272157,14.640721127861934,3
99,39,2.8181299418176122,126.11482777419175,52.444824791630566,6.388550544925589,1
22,81,13.697323657294305,112.49716495801381,46.83767034224772,7.199360879809983,2
39,92,10.914690324103699,59.70574790327416,37.387324829118,1.39440261035532,4
78,45,12.624779543431982,107.76356201186019,42.706437479756886,15.456833575758683,2
55,85,24.806533404016303,65.32882968339584,53.807119636164046,1.812052515177076,3
38,92,24.327249026425413,143.40555143969584,30.953354530719732,17.42839473745217,1
86,92,23.673253962483436,145.38737539964487,53.461523077912744,3.254551675016237,1
38,59,20.0283815656565,64.99112861330806,37.202122214626996,4.265653730582561,3
39,36,10.161351285908479,129.59106688772152,34.32927602164809,10.05400294581251,1
90,20,11.479011396043747,118.23246583764526,33.47103954540906,15.019727888206106,2
71,80,14.641169005535263,53.3999912040505,30.817500358524452,3.641041898782476,4
52,62,21.102292497311318,42.48557604615483,45.707594556643585,9.36135042626347,4
59,61,3.5803951479201586,74.15285105499675,36.547796180811886,10.174174213791991,3
58,44,11.758828375352426,119.38883768601687,59.68295297338895,5.033427191703235,2
20,58,3.9002062595631797,144.42348986202435,47.23310267616617,3.195609156932003,1
30,54,13.837124491190766,116.90106964132016,34.13655808068032,16.891997536727153,2
76,22,22.674718952143415,129.72897790257178,50.66287622434096,10.546847345492544,1
69,63,19.99715326497057,94.42900286387231,56.93230699529176,1.2732434836989066,2
42,70,7.240375603491529,126.95709631789762,52.35538486108843,16.256644724872974,1
50,31,24.447789540772227,119.81892012047847,32.29319583118343,19.635082302877112,2
61,38,17.349059155067852,62.77797586967921,56.87652543577978,12.512597712870699,3
26,63,2.2398370861402706,87.27864229690095,53.81788157579894,10.570459354597343,2
35,78,7.8745101477600485,122.66543707855728,34.74911700316843,17.68990139785427,1
79,68,7.996405898158081,16.44794278659389,31.553576661984508,19.097819004007373,3
21,80,3.5928490445747787,123.1310995298162,46.71931725942925,15.33620140214675,1
20,36,24.07600991574637,34.90433736686328,34.68107434019931,9.46360566495147,4
67,93,12.999871775246246,82.05570639700146,55.03772857785816,12.252206587297369,2
31,76,22.603735739553287,123.15856153783126,40.75003970015021,14.317771935341986,1
88,74,9.410956579226452,45.53495094193728,57.38677334209726,4.691197849034227,3
56,66,4.880372119955024,44.41304150286142,46.97064516423018,9.496819612112322,3
51,31,12.90973052784292,66.38701578471526,35.480171527190045,16.766604029628414,3
28,81,4.621002598429294,135.24999166086883,34.187966020794,13.439781621470416,1
38,99,13.178356568483418,10.061989401209104,47.294173126732616,8.812877277025228,4
67,27,23.16683516804638,136.1936335298709,52.856508355873316,13.603888146278946,1
99,40,13.977667262186893,31.53298344982509,53.44516943226546,3.2462258293767374,4
22,99,16.17949371858692,148.61209264944748,38.27272213323844,8.628454600732649,1
39,89,5.602684050397591,143.67857902538555,36.12740276736503,16.069442221298072,1
43,91,3.005919395239298,79.25452654277966,30.502689134771472,5.189666955596312,3
73,44,4.548583130135562,81.78083469376794,50.37597453603508,4.533268643590937,2
52,31,15.76622624074041,77.4169076386196,32.29704775300617,19.065554538412197,3
43,34,4.185269076823007,98.96211039233316,42.622836052977775,4.988054962138383,2
94,78,10.647836468650162,22.701038312890347,48.05046492054888,5.957453013353193,4
91,45,14.652114630537588,14.566512767819312,58.11326834759031,19.42270283918242,3
55,45,10.939014368486482,18.078409978225842,39.35406410867306,14.959462835035488,3
57,66,5.764727433701934,72.21114889381201,37.49316487339559,14.292334127447036,3
44,51,8.297200072824449,48.576711490727675,49.62480462858295,17.205601293237045,3
37,29,23.35130325551727,97.08553873193912,48.57717096160745,3.2006385624990914,2
85,35,17.547592338486176,148.94192051246907,39.96329349924373,14.413168495020136,1
73,90,13.40910028963739,64.08524423070523,57.8430550652936,10.570083577236538,3
54,36,2.292442469698551,90.33777557463188,55.34586982468898,16.753862165398658,2
99,42,24.825554211257813,68.18454542702696,36.71947637595243,10.654692654638692,3
80,45,17.443463502576794,128.6180334810603,37.174276363035695,12.784585731109331,1
60,26,9.289216978933734,136.31309648471333,45.36901040661242,10.077100401591183,1
52,33,22.22317917995028,132.8297857087364,53.20716305192161,10.085019547561037,1
87,98,7.943927266711817,146.41211341509606,31.32121138165393,15.591429583174799,1
52,26,14.512381321203286,13.852685919658141,50.8000546120412,12.94276161229838,3
33,28,16.629627565785977,127.57426270037435,49.44707692146291,13.032000830578799,1
40,67,7.084457543435755,115.24810422547306,36.94440287738965,9.55536719279899,2
67,91,24.503137412413707,42.01721731605107,50.44059039724046,11.091080430413024,3
39,78,19.208413837516943,143.88481307425386,58.20549573756248,15.16863565789096,1
27,58,14.829704186754608,30.744909952192366,31.403575349153055,16.692877463126447,3
26,37,6.153675758031921,105.13698979874718,39.58956165876188,14.234666640736878,2
86,78,3.238738760954601,41.48463035422775,43.14530149999066,18.55738678806798,3
36,36,9.36137614798262,70.39329082837045,56.97781076774069,16.586157674796816,3
52,33,19.323308726008264,110.68238557223965,58.8678433982747,11.675412006380851,2
67,50,8.194619860946577,88.86544988462653,43.32345739488997,13.756715380231,2
95,43,14.409793071396617,69.85025638593564,52.50085236426574,18.599857261502724,3
78,79,18.742785064807094,55.68738033047821,45.949830712934485,12.76419284061811,3
41,64,4.48270543686868,127.55235179923065,46.1334880422413,16.671332011616784,1
49,22,17.761854370665088,30.13400904407392,38.34298545199069,14.087399568209754,3
57,56,4.113030417331029,70.21440271417201,36.50868737591639,11.486790860148863,3
70,62,24.19798406892092,136.5260600485199,38.64016037772123,5.594925712891709,1
73,59,13.233064991493611,128.4189370643955,46.68984021771238,9.093952869900134,1
27,74,5.46555047732718,66.13184674622653,30.87465558066267,19.3871136718406,3
46,58,9.87482362877157,116.83517090418316,57.21746833069217,13.4975422821794,2
46,34,11.508578333791013,125.2425162992403,34.68851128649329,11.723512226440803,1
40,23,19.43825525476036,134.44423936050816,36.602660306141594,18.72617588503632,1
49,44,19.098747079762013,86.23080766689192,45.54828529342939,12.143723839711527,2
47,32,16.074631622758613,38.62452404765965,51.303442990118384,10.995567849930655,3
83,52,4.436406388845338,45.74327071055043,32.87187164233192,15.4269062478539,3
88,35,5.486095546516492,51.39725436582459,39.53084092641487,14.540646760744345,3
80,61,4.156409174847802,93.13234731334617,59.060238167230715,4.670040159760221,2
67,85,15.274974015613651,14.59334737800518,37.87028900342837,9.954857216908302,4
38,74,22.17418415476229,99.04594562919556,39.391504351894405,9.977793413572119,2
23,61,11.97741178185975,61.00959337995248,55.094954718541004,8.186265789623551,3
54,53,5.699508001028162,51.333852348549904,31.50643295071366,10.82857616089281,3
83,49,14.83497347842624,133.1295199019377,43.93839506426912,8.84904055681574,1
68,32,20.670300987911325,74.40033538131185,41.38850293355011,4.7875642999524795,3
36,32,19.05937741479739,23.30742637457699,39.49760279725953,8.83496325821894,4
63,37,22.273367932525492,125.74454752367458,38.57098782134294,2.373262003890355,1
49,51,8.39174823672396,16.669776041110925,32.74122314581228,11.93993139271382,3
65,58,6.460938947158822,111.74489138354753,39.44477488054947,17.219436429881128,2
25,65,22.23577917666459,118.34687104789312,31.291572081470058,14.78045460273655,2
56,48,17.123887193894532,59.364364830040145,53.42891590933306,7.847486761028113,4
43,81,9.151365390173746,125.47029987889015,41.94683381874035,2.6543529059688558,1
65,81,19.074005163167712,82.19231681990348,43.31711496959735,4.840838585280144,2
72,76,20.74772284304846,74.86111145819156,56.80783759350395,11.364316469401878,3
79,35,16.144499527846044,16.356459405616956,49.74164951583663,4.934084584277624,4
82,75,17.821334527238047,50.60408711084683,30.241773100263593,11.335489114414383,3
51,29,10.630977802181325,140.34139592394197,58.29524468883855,5.40038147051408,1
52,49,14.390000348889899,64.85535485969001,37.114333979331334,17.129553520045384,3
86,44,14.055660926701732,86.53807287794757,33.22842554279576,8.548157983968736,2
37,24,21.50509919600775,84.48303505779525,53.04384535142647,5.665461892945331,2
44,84,21.3191715464902,92.66035257517707,45.014319476001546,16.43419742469417,2
73,68,21.151650794981993,18.586333790059566,43.01311698054053,7.513940331303564,4
77,22,2.2537271280367133,60.70467567182196,37.48509239048225,3.118266068936857,3
86,64,19.23954614278443,111.23795834355758,46.42414469586956,11.83778033666919,2
65,33,19.44955697255311,38.07843515021761,38.231538156077626,12.049719884321785,3
43,49,17.602712925668264,38.50097285649046,57.04749015861203,14.57921782947895,3
51,87,19.394087131503408,11.412684936463462,36.45613439199578,5.564169230959326,4
66,37,21.3653185444243,71.24746972514936,56.5306545136726,9.431655442752657,3
42,81,12.81733824434107,133.58281329427908,46.78216277182071,6.364990461810469,1
85,56,13.547154910234283,17.26613210222326,54.85464401685723,2.5381209861980745,4
46,44,4.868423308961981,36.75661932944037,51.38537987582865,17.65566271330194,3
21,67,10.863645310089321,53.41183536798571,50.900853343102455,14.848526285278481,3
36,84,16.79739913797104,112.4414631189898,39.73037423085167,6.727798129717213,2
52,72,19.949194851387315,99.68898299236211,37.01690794416611,12.38808686456774,2
28,98,6.995809246897843,68.2321466414597,36.32658683042364,4.824011974554976,3
62,92,5.169926680662414,116.2696514961726,55.71574971178766,17.914495814119647,2
67,34,17.24996610351132,95.34834163196626,54.6128046077706,3.1832205238762956,2
58,68,2.0432373210729446,135.44571195201067,43.21720584036922,1.0729057646482172,1
61,87,6.102569439068586,124.52374487941702,33.97213840489364,10.53815575704446,1
45,31,2.668641747910936,45.39390485248808,41.467567559323754,12.079428645604516,3
69,78,5.838357710662031,48.00140086878803,48.580303624107344,12.000341085620283,3
44,56,6.17034343828662,27.549906610933988,43.632094634398584,2.0357266213186995,3
43,80,10.916492679259067,57.17506160044391,53.40567805448985,6.966832331450217,4
32,62,11.253523867790786,149.9361486206732,59.92868466754156,10.484779989985304,1
79,89,22.10803682403547,66.80516360610854,35.733962653466904,5.115004526917577,3
26,58,13.73252338747298,40.8683808564749,43.78952458978718,17.579891824232032,3
76,75,18.638309609082583,116.74760382657742,42.929517057624665,2.6550764997672465,2
55,82,4.395159232166611,85.94594048477185,39.134775982468526,10.260304391768814,2
64,65,7.185091375664959,30.944202933773354,35.942865501608686,14.136905092749888,3
39,30,18.167699142509566,63.296555362521204,31.970763494689777,5.973270902555166,3
84,81,3.214491090776146,68.02576017550805,56.613579516710956,12.860574002952845,3
27,96,13.191746231606322,115.53615807969061,42.595460930589525,16.75831785270512,2
35,44,15.785486210247479,12.893991644866624,44.90686555500147,4.616402526805903,4
33,90,15.849349813207064,47.662750551763466,57.508261446027475,18.427191244672393,3
95,71,2.5274546591649667,82.46348218417309,53.28871432547844,11.517612120584802,2
34,23,9.408484097271266,47.63854394339807,33.91503792351553,6.68540808172015,3
85,78,16.639284974130543,97.98076663865984,46.962599028232276,9.186307232263143,2
51,91,5.426993931432599,77.46144709844633,43.26756829558677,6.931645791941371,3
82,39,17.994559911545224,60.639435680341286,53.91633217736288,14.777112038733005,3
70,82,19.156279802714515,142.88920776187172,51.726976428358476,16.129712604887512,1
44,73,24.585291380261342,98.50232988610404,50.71217165733216,16.82581045405456,2
77,93,6.826365881697416,28.19179211751177,40.216345064396904,19.729596742129083,3
82,76,20.97800535632065,88.41283764207537,54.148911911977635,16.034401557436986,2
81,60,13.966821269129044,119.30245944812614,31.571738867845838,12.426297343082704,2
41,22,10.58963971131599,109.18855764899163,34.788747042965014,7.445185669443893,2
77,25,4.814665418479093,34.09249210133631,40.068698189337354,11.347313525504239,3
77,24,18.916628949213365,146.13879986561446,32.30422323207844,1.780295283017703,1
68,24,7.424724780304803,72.83391040452483,37.049828326040746,15.151676435068348,3
71,73,10.542706043080052,32.26350052363658,54.904529489937545,9.473155356749935,4
61,66,3.438471218639474,35.22740557794071,58.447546133702375,1.3804413649115648,3
89,68,20.431439063848938,23.75289890647127,39.13807067322571,2.1876318886978052,4
34,28,19.631536051347798,122.4925351808908,37.935474119665145,8.361862812613376,1
73,39,18.873164090973187,27.08426920505881,38.396779567392805,12.085008861350266,3
79,80,8.887200741313393,27.517535999844572,38.331572620525314,9.819875030090406,3
27,54,5.990041708117016,129.06602606651728,31.07790546557919,12.764882028550943,1
72,69,16.663725082815283,58.24457182265835,57.80749038993324,10.12559091703576,3
79,81,13.411826834604048,14.320106603130142,36.41094424710985,13.572373064145589,3
24,36,6.099806738806756,17.26534193257752,42.60012222244215,5.163395228745216,3
87,22,17.775959234146868,29.90386253854538,30.29060648222903,3.144020556488807,4
25,51,24.795907931889985,39.87506871659654,55.738652727451715,12.33224513788754,3
66,32,19.186050518066867,103.12046719337675,51.93472033364752,10.209100821789843,2
74,92,19.01968689376907,32.02567920025595,58.4026810552111,1.5104854268537706,5
59,87,23.85719331740361,26.64241476479008,53.44846437589197,8.22915582436768,4
71,33,6.66753645422275,117.06067980667909,39.41119536156196,3.016386124328914,2
35,30,15.007649193193128,103.94773974038802,37.43620076185271,11.095779803301209,2
32,75,24.53187444577932,70.94539100373306,50.931489226598785,8.519775913548184,3
49,86,5.8017645523140144,86.90336800721455,40.923383250314984,12.64988631095734,2
38,48,18.105795067223983,53.67776284569859,46.9864504725785,16.306442156634528,3
36,28,15.473633357353744,77.5500588329505,30.187724130794106,6.693704992988326,3
82,86,15.489019120340261,80.9341708575844,31.856571050414257,19.279939979135523,2
38,44,18.04642443296173,64.21321796493342,46.06103823544954,11.177055511163914,3
77,95,23.381189226140737,136.9201094941028,46.982149393444956,12.747525176340972,1
74,61,19.999384616580773,12.248661097340861,52.543588333780306,13.932775091289004,3
81,28,3.29113037857283,119.50397683277447,33.958959588718855,13.667899067294206,2
42,98,21.612744457141357,27.413596373785406,45.39549251270336,10.70844411785618,3
28,59,7.18745058829185,121.65663047520792,35.83342933295066,9.146521531178987,1
31,44,10.669025788936555,96.22766819474097,32.79588358688084,2.0218573193701803,2
20,24,12.61985471308479,128.05893273109632,42.31487382181664,1.419631060722415,1
77,30,13.060838017320602,23.652005589725643,34.90009944267172,7.801262696122528,4
20,78,12.009149182873205,88.25728877396837,36.653459345769555,7.33955692204016,2
53,98,23.559125766964883,80.1523032367076,39.52663739608505,8.366207941941127,2
67,57,18.238437176272566,108.86704561487021,37.78165202229589,3.6289958168756105,2
20,91,16.51692485700425,84.80067726511462,32.627738922178395,15.02519714020003,2
35,24,3.1463666390076557,85.70283939863458,32.69748734579107,17.28232388074854,2
80,67,22.79000659598862,70.14343210064905,35.79748245702505,18.835578072106664,3
83,37,22.915974416193112,53.23681936102772,31.516775638786168,10.354883766872891,3
82,89,19.944900458892352,77.51701057530691,48.79371059030781,14.316448283383144,3
88,56,2.1616716877132407,26.588930227576082,38.619801495267055,17.255471345281578,3
41,79,3.3174457747853374,144.61186745763186,38.39237903307213,8.947531110776232,1
86,67,7.180145152175264,110.01750690772376,39.959948827132955,6.878843102538443,2
95,96,5.021036387332854,143.34539633629856,49.883888226291646,18.797766561216314,1
45,47,11.173228683185776,41.74183352619485,56.119016444504716,10.797854470464388,3
35,88,23.220330336019163,133.1077428247139,52.77260797666915,10.447823845226681,1
70,96,12.857389986530961,123.23059783889538,51.82587690675285,4.38990583470642,1
76,59,2.308260407939809,104.80133774407432,44.53173556802548,3.054945276893778,2
48,64,8.503150860311525,97.50408605192881,50.81416670902235,17.000030387186722,2
97,81,3.025682892578115,54.3169531375018,46.58287104100749,12.668530347562843,3
88,77,2.8346153201105495,124.2975098951043,36.487515845595865,7.190667096369525,1
66,86,8.341556621197702,80.21216460716273,36.25765103223152,4.642988130415063,2
81,75,8.339083789615746,19.92482062477995,38.8917602062585,11.554448323222996,3
88,59,20.10391185983689,53.8008425197182,57.3240801290944,12.094466495961571,3
95,59,24.421197013965575,140.94159379634587,46.422445211391775,4.932878423656105,1
35,96,10.53776315946996,129.09523648467848,52.01716131005608,17.176709209938004,1
67,52,11.864398213803888,147.46679773071548,40.396762794496425,2.6010229569611707,1
58,25,21.430157034578492,97.91907356457374,42.23147311995676,7.765768618162012,2
52,38,8.167197462196807,44.65141023965767,33.766967359117544,13.927303861487921,3
42,99,5.5967815012793025,32.79410695476093,35.13884873465011,6.208286912564813,3
29,59,21.621061338283962,36.16802168518463,54.82069664478436,16.725828700844165,3
88,78,3.0695134881215065,12.771392168615614,47.54515895066646,15.057488705407668,3
53,78,16.25308712458656,64.69549553803148,40.125973976514565,15.99143404641455,3
71,67,14.925835491736557,36.79987526993595,54.08553626986638,3.263024181657609,4
29,60,9.956170292538967,67.63176446393834,37.39559716913949,3.6703954319153156,3
38,32,9.249358985239256,140.89922045742716,59.28098095800611,6.443001017147089,1
77,64,19.75272770217729,70.2756293310066,40.344528232385095,10.84346613875366,3
20,72,3.9877660475385692,132.9178295778769,40.11932862453683,15.212305457288645,1
88,61,7.446039114161864,94.7706673262227,39.35735716610115,16.894086924457167,2
23,82,18.846320832276064,44.59841765259487,33.66334547772864,14.382371003186428,3
35,46,14.611373425707757,59.8196662962896,33.33411441996037,18.643340749082128,3
43,57,4.943728796272487,21.74873501500012,49.4431510360237,15.036126682702676,3
99,79,22.289119128487382,56.68476310344147,56.25354133674141,6.81908985308768,4
21,26,11.049300470962606,104.85573237049476,53.715615308150205,6.036544402432879,2
51,24,21.040972632409975,20.095553010120923,34.233227820640536,14.227656555720708,3
43,64,20.117399357137298,38.75619718692411,46.367463653761995,4.664540805102671,4
31,77,16.361785268849744,63.401745797863605,33.1677463792992,2.7615814053951278,3
69,50,13.373066019787139,147.48693518223476,31.358839308392323,11.112234622267684,1
54,42,24.529669328780408,119.88065521424322,49.691575781543015,16.611189825800153,2
52,61,5.334196664735792,112.68814450889454,46.05457001041051,2.9262170069274074,2
52,29,18.67858173367564,26.266733913562437,32.460710556344125,16.045935152118858,3
80,51,6.397386133690147,119.3394251060988,31.048177392179653,16.419868082679415,2
70,72,9.780051422644013,119.93763361224212,59.69269240228004,10.163206001549327,2
62,49,9.100071097583491,94.15437738740596,30.900639964472155,2.0888958901992494,2
31,58,23.78182771799063,148.65064947977206,43.33584759150479,4.317207173696541,1
86,50,24.24919208913033,55.53554682943727,45.13857073823087,14.441099228076714,3
84,21,6.209355217398724,141.77814275385924,33.51840443401335,14.523780954828041,1
52,97,2.5068086868425965,138.0623560939105,35.071853353191486,18.068750228185642,1
59,96,18.5601849122516,11.607292364912897,40.55415019231057,12.071036784537075,3
93,31,11.61376847902114,73.01631370647354,52.85027628640988,3.3580399865617707,3
62,58,4.0433256370139805,146.79459262722025,45.212472721808,3.3068832045944707,1
63,85,17.72634442827198,24.43699073713061,49.13705623658885,14.70151478977965,3
48,32,14.537427149996093,86.68985721366472,59.55523665272024,4.4919086370501216,2
32,65,24.551886906025437,147.05405098575457,53.04016305939629,7.239324492715502,1
31,46,7.230418404811715,87.76935937482043,43.030844944236534,10.257028131516364,2
65,36,11.29149115551061,36.574142416101836,43.39325765389646,1.470532673946873,4
21,79,14.478553478094726,91.50565221296257,48.56316231123015,5.7275615133787054,2
54,83,20.209099734427088,38.62168035293656,49.96095625256713,8.749902561638322,4
27,54,14.623289104561351,82.7585968052278,45.02132777510014,6.313090051370919,2
45,89,16.096703699824833,20.36591050772872,49.345836684449395,3.591036221883751,4
93,49,7.201382186568638,94.76757369001665,30.705974832422964,14.83223289812775,2
53,90,21.479130746036876,82.35059147794215,42.888685916905324,16.449805448191714,2
26,93,11.858502580320943,113.62259162660483,38.3681422822043,5.892100546730772,2
87,82,5.242071433000693,98.2980659622299,33.87523335729331,15.713970397519763,2
77,47,17.2763220336246,86.94487759430594,32.986395384263254,8.325517723624962,2
94,79,6.970080423262073,106.56903889473696,48.09576496844002,10.627030026226052,2
48,98,4.243937735503894,30.151867900112318,45.70801641457835,17.264020422969903,3
55,56,21.825698893298263,93.35035257620457,37.607523509891074,15.24911995424575,2
40,41,12.583732083234112,34.095484395188876,44.128501763175436,16.297220175007375,3
55,87,19.233525392002857,139.57310909926332,44.76696945547225,3.6000581651407795,1
29,39,8.683513875546167,19.56677467838459,35.85026941315847,2.3246690908408603,3
92,87,20.100313103106327,70.25246495671107,49.56279185644952,17.974689852671755,3
43,83,4.574526321495197,107.41164687176229,53.42758069158271,8.368851121850792,2
83,36,10.187387597281612,74.12310963355623,53.74390622668557,6.469713883323936,3
68,31,24.495421813391157,22.89333545260633,48.07409492110365,14.769228830974665,3
55,41,20.26176347646414,87.47306225773903,45.34915747557042,16.89189633501728,2
43,36,13.436886397237828,99.82846723582963,31.830214290161848,17.387302816067717,2
42,29,9.814881845923356,108.53092353867108,38.63493896554817,7.00394568137932,2
81,84,22.05912110051696,62.25637402478625,32.798143403345094,17.192035432831805,3
56,41,14.53149845894386,88.91239594402671,58.91469482635421,1.7777449431125625,2
31,69,19.443775410989556,73.09610649144784,34.05240438677282,1.9435683377346586,3
74,33,19.344476647271772,104.08784542531548,34.55326229553306,12.846864708308935,2
32,83,2.412750607075312,91.6979754254746,56.687298549914765,2.1990210131953782,2
42,66,4.903837004230109,83.60587073827888,58.317848504293735,7.1675742016930695,2
49,48,17.171475427079073,44.93341135735481,52.97487117704729,13.782363738691556,3
36,95,5.717255659575043,10.282592484752747,30.162147710180097,7.4080710250303,3
81,55,7.876346927078908,34.371434543600095,30.04038812869691,4.4123958473618226,3
32,71,23.772672946590966,26.389245799383612,41.34302309362352,6.345661815222991,4
78,95,14.884191942622973,72.87186430153255,34.301861100326775,9.693931312758204,3
38,26,19.266778660984983,95.71614110665826,30.55158426454792,10.032331251754165,2
68,48,14.833556992000718,39.831901215873145,43.92200068213514,15.877004395596838,3
31,30,14.70781314000268,141.46799343540619,58.29185692220915,15.252911359198738,1
80,52,4.165493932891051,10.93549809134429,39.71458724707294,9.679538286566569,3
38,25,9.90425343000937,118.12214212314801,49.834220352860896,17.067679632876658,2
95,98,8.495910669789769,97.52866773426192,49.567060593973224,3.170505633236521,2
28,51,10.986752409113105,62.29767214667547,37.532403109955034,5.851713654349128,3
90,70,20.361916329159552,17.06845221773711,49.51275746471593,16.73155280654278,3
47,94,10.554451362087892,97.8481200497991,36.370019228606736,8.18188673389691,2
97,77,12.389026842328702,63.985891801190725,33.66022240730667,19.642449617083003,3
71,45,11.13977198116228,141.0773995178507,51.04149856679071,9.858812349028872,1
35,65,4.148383355431799,85.87861048456723,33.4032245131175,16.046776836311516,2
88,48,12.144659639768026,141.55121158109114,59.90727655768066,8.643833786265066,1
31,23,6.499013280023846,40.86771708626257,35.50357203450688,9.074116862186177,3
44,32,6.294635802779954,111.60162745097446,47.82425588269373,8.274779798399486,2
71,58,4.162830401988126,96.4148629188216,42.34123714237768,14.662436789705424,2
72,34,10.203432405260589,113.51715217638366,33.79159267217001,11.402839797139896,2
42,48,19.422083350156598,40.05350095615515,30.835317227322403,18.93178411599901,3
35,48,8.35815888341811,103.09923227328832,48.681968468785,5.7669160141479905,2
76,94,9.184029343366813,79.72565502796165,54.202726913673786,2.9106919095854424,3
58,51,16.781517126465744,113.99549648688428,55.26046984520232,8.471968216885088,2
72,21,6.504338689499134,55.78625018125449,44.481404192308034,12.717541445288743,3
61,66,22.63003239974129,134.60798356513536,53.323664015471564,17.355179801394407,1
77,97,13.964382034785753,21.80218404558905,50.18541400465634,7.5777408469262255,4
58,41,12.29486762736499,123.00650463076633,51.727635824974,13.421948271364771,1
33,94,14.829864414371633,130.5847476141127,44.77797015665442,7.653774939441162,1
24,46,5.818789208572495,124.41532359135496,49.00235220726381,12.727172076894703,1
54,86,16.109882188701057,81.78169519664864,54.16577740728171,17.811350993582366,2
94,75,10.35131694258224,71.37389720430659,41.93652526671069,5.395795202928771,3
37,40,22.635285842186235,149.47672011348274,54.17936702602751,8.680591200033744,1
95,66,5.883646753586781,42.084073169982695,47.76050528367189,19.872038732165183,3
28,99,13.662175388905144,86.56263522264624,34.97703073112359,17.502583536739756,2
93,78,15.756590475487414,103.89457355352557,30.74052471673754,11.728157300027837,2
77,25,2.767822841086768,108.12146902060047,40.88260801197456,10.815924245231232,2
36,38,10.364941869391226,38.56345320340102,46.400889848890195,6.407407263788938,4
26,76,18.850610398119155,101.55917292757216,55.19461056610465,10.826979126177058,2
65,88,20.868682671326386,124.57173930738722,33.824570404207385,17.115448467318995,1
32,22,9.202725880797495,17.002600754955708,54.006190430507374,14.01831575227783,3
59,20,20.36764526480328,137.61298106554432,55.890271382016806,6.5108365353817454,1
61,77,24.258385173377942,14.13056772032883,34.52062461002501,4.827814500017126,4
28,57,21.708100529727165,59.83594454837521,55.54782957912657,6.038962202939754,4
69,34,4.7058117276644795,12.21384747261469,59.74360703528376,4.225424826463704,3
46,53,19.013797637967436,20.80032359554146,51.80516493144712,2.817173224450603,4
85,80,9.352337146132529,137.56355992521105,53.54309045474964,8.963587314399044,1
24,54,24.73356775647776,59.680516304460696,59.832458026766204,3.152692483567086,4
48,83,13.163256612677404,69.46801425950741,48.16443751577836,4.2663385968149825,3
56,44,4.815979662255644,40.14821339355737,39.23659146048748,11.399169002450236,3
57,43,18.679267604629988,93.59340782614076,55.12592502228167,4.1273862002919195,2
27,31,9.429257562882919,93.27245005489054,48.434573325348936,2.213715581187154,2
84,37,24.93279761287822,62.108054855530696,47.4358627116287,7.030388150529818,3
36,34,24.534996530654002,56.62488205275577,37.609066665421146,5.186062873817383,4
90,99,17.091082414473355,133.8950031452823,52.690028087486596,10.790798571893157,1
64,46,4.986008325889504,63.659793549908194,32.45001827580289,2.944974607080977,3
23,91,17.797802946525668,79.09013890161715,57.72861212383984,15.283644965976585,3
55,79,4.139701188580625,49.66266673949029,39.77470382311454,18.218436869267634,3
89,65,2.6753756593550233,120.14773046999782,33.833239583699715,15.125268305167694,1
50,36,20.92804426309418,65.64274196587283,43.27099599307256,11.123713710626491,3
38,72,6.824317796724671,81.90554651620543,31.274097277695994,17.352688613988818,2
80,27,10.71762390303924,45.470003808352594,50.538785827948985,14.203449215848643,3
73,98,24.38951996945198,148.27234292777524,57.081165313360685,1.200471326553607,1
58,46,9.747331542805375,50.809403729321204,55.11789021415527,8.48771290271556,3
93,65,8.81926496951625,117.90395432677724,33.821084203436435,17.1680860887292,2
38,69,23.11878399132383,69.84939104994629,33.788134113231955,7.571318301530116,3
58,90,4.547214242336036,38.87043671177958,54.40303446972792,1.6690882969849465,3
86,22,19.470395432636533,121.96062695508057,57.72762823809347,15.177413132493173,1
64,83,24.725508033013803,56.704950464066044,43.82009489500467,16.238727135374504,3
32,63,22.729808247816923,131.12706863569355,44.96913350741298,4.051280205822863,1
77,72,16.988362130247797,138.13600588849522,39.54786124157178,11.209469440020442,1
39,43,9.223398284832836,130.37533695477862,56.82795354769242,4.6471533409187895,1
91,79,7.849405567101285,14.901108072952791,49.34708715877068,14.665453961838788,3
80,22,20.842867412043606,120.23226830071478,38.64754731502106,6.159458648372228,1
58,39,22.23590402088899,67.58752530988014,38.96348613162755,7.0080873287032714,3
20,65,14.085002988550936,132.32120882551152,56.73600219190807,17.054446219161925,1
22,34,7.619818638088722,99.31359677586343,30.409020717174645,10.050124691931183,2
96,44,4.597693793456992,126.71003878015418,39.681797181799155,13.725334573146709,1
81,97,4.005127760132117,79.92044778135696,46.63070043649107,8.645087963726885,3
82,90,18.53878128913868,84.9035706438506,34.44652386297974,6.662130286681353,2
44,36,11.662730740497674,30.214268498713412,32.7629626259877,12.884083148068566,3
75,28,22.823277108391018,119.75823021650976,54.458289932716795,3.9422939074976044,2
52,57,19.012439916715564,68.71454563337602,56.832131659455214,8.086996875770396,3
57,67,6.3989896120354945,80.01121655802156,54.708192623945685,4.971703710332523,2
25,79,16.116880632761077,119.91367997339907,56.96363669212043,14.220104371874164,2
77,82,12.016625451157665,93.83835601112146,46.59335913175114,18.939967928576046,2
63,21,15.2767438076781,38.15382184197344,54.36774362971026,19.91470839230146,3
64,91,18.975589836785893,92.63257228112498,41.52127915173301,9.555259398390223,2
51,30,20.54250526308719,67.0686001171518,49.988035844371154,5.798077403092445,3
64,83,21.405958507354658,75.73357588614077,59.66506594167494,9.41375803730216,3
80,96,7.841422115156568,13.96357841637349,36.771831715173825,17.098118789291753,3
66,91,2.7156587980992266,39.40410893227943,41.69699238873242,4.914107892488758,3
40,40,19.003778908789783,49.345331393343955,44.40142131930257,19.089817381405553,3
99,37,4.445905703882816,109.8144011002328,34.140464610601555,7.495449607164869,2
94,83,9.243150538098256,11.608946261736143,32.431158313951705,19.730269529555795,3
55,57,2.0877940848599845,67.22881657207849,54.891685989648735,16.933568863145283,3
38,51,17.678398095237263,139.3637618596026,59.30383118482759,16.362840148800416,1
39,30,5.844036263838088,25.66328631687734,42.14175191488976,7.040188801692388,3
76,64,17.071495422908136,82.29941435060555,32.6294950858396,1.1667670270106598,2
37,52,24.810080194860294,120.11313353471859,31.974352820717293,8.260525267693769,1
66,60,3.6714300470303747,141.95438305281635,56.73954619080896,6.73437802359118,1
68,27,3.772794274883596,114.54872953472052,43.914427491830395,1.7105428177671484,2
33,30,9.828742131333524,110.87917681021686,39.60081949687176,10.601939873612665,2
34,70,21.92688982778087,125.70833262740673,44.293838137181986,8.657594914371995,1
50,60,6.957186982200632,72.46817093685611,39.54912284077042,13.05657288708897,3
20,36,10.288689858397994,122.81823456649663,44.6710732592286,12.802540121687581,1
73,95,3.57562435242053,11.115016664363157,55.786691907538106,3.294186082036922,3
22,65,19.552571698954456,139.4385477527527,47.76904113186287,19.56234537640583,1
35,51,11.391045883467376,72.06291133240455,50.839613184305264,4.5516971593874915,3
76,98,19.462720860399386,87.47322630120466,40.9401202870301,9.460206470529387,2
94,99,22.782980419976287,45.683514848083526,52.15517635531556,10.274233325240964,3
31,73,7.3535523833296415,113.954316597659,49.99851254638117,16.44819314706828,2
93,39,20.57010869781888,20.729012906534834,33.586859932561694,2.8853623257982886,4
35,52,3.3591594717998254,132.16901235655695,47.17928559346754,9.144241304962103,1
91,93,22.67348992814569,125.93635606088799,37.70230488929274,12.941541234487875,1
95,59,16.967676593851188,40.2484162742673,54.12287008900778,5.087956810857055,4
43,51,22.107214655182087,123.30541575993674,42.77813125400819,12.921890076555384,1
47,21,2.0043331898013834,120.0900826286074,59.840524955894615,18.549631913443402,1
27,52,5.888864618187828,98.51032368555286,32.775013138168916,19.952844492280825,2
55,96,10.964465910809318,62.292824765956254,53.41043588220475,1.6165704590228387,3
27,49,10.728566777618529,48.0098255854615,50.211052006264694,5.476176336648873,4
77,52,7.214798807240745,42.449702640509,53.024964917721164,6.895835200042251,3
79,96,10.777074616945603,54.60525478690501,39.22589386471369,8.583395908454357,4
69,45,4.963520376005861,136.49818208055424,44.76163468147202,5.602885994110581,1
47,41,11.493505973118598,20.86970863842938,53.89525559171125,4.866271896550938,4
60,85,20.454149570663077,126.04197867541421,36.97623994862565,19.1365230059325,1
83,57,13.018611451377078,58.8446105058553,36.78099590365956,18.45191045263984,3
46,65,2.4140020457399447,83.02391544159015,46.53152859884797,1.8928575190592318,2
82,34,11.693212956322691,121.2279887107887,45.706907385895676,7.4374474104921156,1
36,63,2.625025370089416,133.812716583216,38.46787411238799,8.697822519889726,1
92,68,24.223598446256357,58.26939881017058,38.942269515744684,5.5412761586529236,4
52,94,4.931441066725986,74.65808737851545,38.33535489619696,12.948585042775335,3
96,80,18.276831505604232,68.03224907435091,53.14536185995463,13.16723418624058,3
48,86,24.373855426517974,11.855144690547476,49.55702596687382,17.159580338243344,3
32,25,20.998898188331154,51.43200444021193,54.97251550230758,15.07651609931914,3
65,28,18.084253627902683,74.28649272255865,59.26419084942066,11.308893212353157,3
54,25,21.30760091851764,67.55310524326157,44.224928888159596,13.418148630843978,3
25,92,24.581369944994435,111.07009185219512,32.00081644216347,6.205786849317343,2
88,51,16.29092343683118,63.87250641095445,31.44276931236106,12.268067609379795,3
66,60,14.86125055707451,78.51270285589383,38.869951178148575,10.295317840248465,3
44,95,16.44947654065547,70.14520289853087,57.97633768057352,3.5335448790110373,3
85,27,14.251545395515764,113.68766084521187,45.69639164912625,5.608341255076444,2
29,91,16.607049435923532,130.81613585817476,38.15359548240387,6.542175563710135,1
75,69,12.346370783368863,84.46447106105198,41.97500383533058,18.5618817739986,2
49,81,7.024193206316063,120.52050718732676,47.95785322214012,5.377346148331899,1
24,81,4.765686209768539,51.55013548277908,49.588489744135266,6.495634153573695,3
52,26,3.571841517241989,85.79174542201761,34.61758529348715,8.017728471699215,2
84,94,8.056263026323602,58.33219351379614,59.31095029635528,13.611112033882353,3
37,99,3.060841979721878,67.98812958005624,46.34316680948366,3.24652945697067,3
68,23,15.044927938145868,112.5379410737736,34.07064953376838,19.124959037381746,2
30,25,8.528054281540967,133.43274752657976,56.80905760038401,17.445853181800526,1
45,77,20.96430058600174,27.00935475228716,32.239152932382865,11.967105387170053,3
82,41,3.707540078732888,98.84949590823327,57.23206299532538,13.806719481074179,2
78,45,7.206084369854176,91.50013306089178,59.89696968866947,1.3165489536401038,2
46,22,18.795661383073355,26.578105484630463,51.012953974695115,7.439950731620526,4
68,60,15.772590816820303,39.66520626161527,53.113416632219696,16.117544382567395,3
96,79,3.4832992387308535,53.54034926257524,40.11908509402459,2.4721765020553317,3
52,33,22.17650751473061,33.3703499144502,58.247305582018015,6.363962850003684,4
20,94,22.17702054500213,44.12212755340785,45.89141898325103,12.120639738351915,3
40,31,9.599384089142799,47.46411184063905,51.971653397926644,5.871847526279894,3
74,31,9.829334397039988,56.99433662546835,57.72323147733839,18.745581508745865,3
25,32,24.747652242054,114.91466339216227,59.25539927926525,3.490113985281517,2
88,44,16.402051946642178,90.0677085390841,54.99613069790023,16.150492800247793,2
24,64,14.22027997306536,148.07453407319622,39.0905252094609,10.651025146221757,1
22,38,21.27750022169426,68.06301577544593,58.996425496562466,15.256284740579163,3
72,74,8.561677782218279,115.5411103371695,48.843585937307154,6.903591237917501,2
42,64,11.871199648116209,132.00557899271473,57.919274290558796,10.775302443928737,1
72,27,8.158863536231685,105.05698902532586,50.28315077443055,17.27987164474035,2
56,72,20.150699471540822,67.66106365844944,39.217168855431616,9.870683883338984,3
93,74,15.187034949610014,115.50324830440542,41.100735724284476,7.834677376295122,2
93,51,17.15297661322162,38.513399288175876,46.514153313088215,11.186952338801985,3
36,70,7.803066746306351,55.857303125218536,53.70044524679646,14.629892307690971,3
97,63,7.065181931678247,86.53593571390043,39.539476540210046,9.427703564471551,2
92,89,13.23261646660759,90.55731422006076,47.39193498402577,18.838662527703185,2
20,37,18.964012229135015,13.099806566168123,40.36874980729205,6.603970656804499,4
70,41,14.080514422963684,142.31598642584123,54.47308213905322,10.033808517213288,1
64,56,2.750850583550378,107.5278179704346,44.001842813038515,15.381625527487389,2
96,75,21.976684645366642,79.39852503246475,32.301684805586554,14.093300719419405,3
23,78,3.487798550848026,140.63781281716317,34.98157564444609,17.409179995925967,1
81,22,23.9839631255773,71.47337913511599,31.833140028588968,19.93937443294107,3
84,47,2.5782650403772727,147.26097983785203,44.97908838042976,9.110308247106701,1
51,93,17.972360491006302,81.71986601408791,33.190118920446814,3.111866715882925,2
53,54,3.8907624653709783,26.000007799717125,33.42419907928896,1.5779017353513916,3
91,80,22.94556132700821,117.07213614429881,58.23144780115131,14.81066121665566,2
58,73,12.681964433187485,105.04568151089768,56.17965216528167,17.606259754865597,2
45,82,5.1630468207913545,118.21814098278215,43.562597904340976,5.193539132943955,2
53,98,9.838761095166472,143.20188402159536,59.57415962550617,4.010512706608213,1
73,26,5.790967532975527,118.70850237114254,30.005595845119892,2.1818967389881285,2
22,95,5.92338396581307,95.58712431033057,48.41938368820181,16.63135551262692,2
69,68,23.80649136394317,130.02324633051774,48.4928453211561,6.916256857959103,1
31,50,12.240660582550127,104.25450150963442,43.72329167609665,8.632240962435754,2
84,77,20.14245206982327,67.13666795562924,41.90843918802879,10.552253640582634,3
73,80,16.710927907086685,133.98676699384825,43.66149406441823,16.949611449981465,1
24,43,17.55780633378302,41.0660645098122,42.448813082390416,13.365831209668213,3
76,39,5.028949084856886,110.04977848722139,51.91477432446898,12.686227967298414,2
36,56,7.38624227675617,133.41888369170596,34.060663049198524,4.3377698991623035,1
66,23,20.09525770855205,112.38431275846148,35.9291766177339,10.750607942486765,2
42,39,24.327622748920007,107.61855866753997,35.41554685177271,14.592239326394449,2
98,79,8.04153977976899,115.36936117005705,37.87411755363794,19.491956777579343,2
33,43,8.246081589273917,75.10773476209022,45.7577525634475,4.826719875053692,3
85,69,12.876634054650811,132.38389550198363,33.33626242014656,1.1813237082773063,1
94,68,24.62832719567507,38.48110651905277,56.045078859795126,2.4307272383709253,5
70,70,8.186055754008834,27.8340982400475,38.92084593925417,8.141196838457606,3
57,55,11.36035392158807,49.97122921659162,34.87613962406124,16.590348307173755,3
83,85,22.504040359340657,84.42083554849904,50.268639287947295,1.1356995535966559,2
57,98,2.067183750291326,81.47865135730733,31.142589017979578,9.677881264830965,2
69,53,2.9146171947370996,124.88382607472212,48.59905694622493,7.255381691486496,1
49,55,15.893648572638043,66.63961189656243,50.94595292029499,1.9971524918948238,3
98,25,22.869743788395482,77.8082196808112,36.447495941601574,9.554489446779728,3
70,58,7.493703189244336,11.87147565631539,31.25892220330903,5.840225439397658,3
82,61,12.801760817656307,67.36349310201147,40.909360767583486,7.6858118525931225,3
71,77,12.36070193812982,100.6883926130479,32.957826907258095,14.406690790901568,2
57,31,12.878340960196734,12.171166287722905,33.494335490200115,10.909468694308375,3
98,22,16.31795300178414,49.32347512607413,37.62783694334594,3.3683011508634535,4
49,37,12.804106548785727,39.11389030051459,38.86403773880278,19.266876268049142,3
70,59,12.29176725041653,15.877960047342352,45.89911023064262,13.082304548485029,3
24,40,12.908633669918991,77.09641258803525,50.3517565650904,15.5515000875881,3
48,34,15.589951149233954,35.44126105194191,47.783128226105546,2.5050498501590455,4
23,45,14.351172232081243,114.03141554839321,34.4508101186855,1.8941092097403591,2
29,27,21.645127945961598,128.7099037268688,35.16258097357879,1.3695129569935423,1
75,61,3.1384276303543324,86.38192557368069,56.363077493787436,4.587086527695444,2
36,63,21.166292643879288,147.4390279529598,46.75056945192341,8.873759556651407,1
93,33,21.41026609006965,73.06700000588334,56.098134986930674,18.780696534653632,3
36,97,8.5528844952121,81.87154943148818,41.14639533959623,9.684133526049749,2
88,21,12.645594965364564,148.490485554085,48.43200022293971,6.514847002078059,1
53,56,12.086385236361016,42.41678103510684,45.70990248163832,11.676769816873604,3
25,88,7.025726190144997,141.95643155476674,39.57370469461388,3.1267569845609957,1
72,57,11.126327482985278,15.997257716675854,44.09746116100786,12.580611929094681,3
85,60,3.020918759929652,72.49416463684727,45.07472630480796,11.800207132279564,3
96,81,8.389907673979891,19.80049169862921,36.02312924270036,16.047867634708485,3
62,79,20.783690035366515,112.09286400791002,39.45031117130195,19.747064620723457,2
94,33,8.544932940546644,95.17725102320249,53.74229251520927,5.7665959626061,2
42,21,20.818753381209692,108.9287968854635,57.47364718362381,10.683472565271453,2
74,89,14.22678768590191,62.42725599552237,40.79382280635898,18.268442720061067,3
99,36,22.23684157930668,61.72747076439324,39.20916846627055,15.918607804033986,3
94,47,15.21992974808155,16.344699054525243,35.85591493715648,10.260719758915343,3
35,85,2.6823691304890156,58.99229153414957,50.35473505951744,18.96206134268078,3
27,54,17.534664773583053,140.1003763166883,39.69299104999012,2.087497176819378,1
23,24,3.0316320645420793,63.09171520526286,59.63248617297565,18.688973774539097,3
23,84,12.363731436612081,126.3914788710758,39.7705440619186,1.9596404552733244,1
75,59,23.37681397288162,127.92557066499077,41.82408140347884,11.398790138179002,1
44,95,5.799690604770554,62.25376189309274,48.10002588636104,17.91837801202063,3
86,75,10.967064117655514,98.47841525546647,54.05052879573915,5.991697927664753,2
86,55,18.786787103515003,23.35202431822821,44.08555996036901,9.972721479958011,4
46,64,22.291946790181495,24.51500130279871,42.67968101366875,7.162248703602366,4
51,42,17.43168910907768,16.812072912639863,59.86913500784425,19.090734424450677,3
69,66,7.937984846396892,91.34211307251533,30.314809234198332,16.649266300308724,2
80,50,17.51598061707297,69.6499368676536,56.851958665537374,14.471028715201212,3
70,30,8.82473574539407,86.72452993299362,34.474224778192124,12.164912745687065,2
38,29,18.52387228583091,82.9502466711743,53.5777582862674,16.591243997158813,2
40,86,23.942761934455934,59.02841875270224,48.53794679538894,8.453073788947394,4
24,33,18.59204937544463,104.84627807528621,40.25541856494276,9.503485247015176,2
61,99,21.846251566985483,116.1902633282947,56.21624866563055,14.870032700536369,2
80,93,2.0483883930453186,12.0479562428746,30.387216839429758,7.797340502580571,3
41,29,18.50415886882667,39.013921967642965,36.80071956224771,2.2141178989191026,4
40,95,21.080513807900758,109.85302153166715,47.00678388748608,2.4123575688353576,2
89,20,2.932850963527673,64.12682416873679,40.54626780149094,3.1918932248083736,3
20,24,22.046747727629302,102.74775257182515,48.31132485954983,17.52394514352959,2
24,39,7.903967251131054,58.57477236283818,30.723305802260004,9.972302089367883,3
31,27,17.30171834549527,64.70572132614919,33.493767914451375,14.544765017549993,3
65,62,20.40816221753835,32.21504231655589,33.81288720655318,8.465277376492972,4
53,95,17.241283800365174,46.1523427532624,35.67850937748028,5.915508000897056,4
68,20,4.122550217684917,94.75764605106221,43.779943224016286,7.5966511836820265,2
97,76,15.715394933788472,70.64283558412329,52.563860986307134,16.08946456102649,3
64,83,14.640424104609302,118.40237561224332,57.16616513786703,12.879106375597326,2
46,47,22.707389165708243,129.36189369136798,55.06117590852738,18.81515581920014,1
92,56,11.29751378181681,85.83049855034638,35.906636153270505,13.914390792959846,2
45,66,9.384865233002152,116.15742088784828,43.23451656691897,11.833451003339185,2
66,95,19.246567582038725,52.9666318472398,35.98234793275605,12.593724170730855,3
75,56,11.491532499918122,68.09597015601095,37.93415450001572,18.905057349899877,3
82,68,16.860212025116446,109.78887467035634,45.10640944535658,15.975817667467416,2
67,63,16.86835207286596,64.06967899438429,32.043270741705676,1.4567835099623185,3
80,75,22.42489848028271,92.39069092225844,36.5452298877982,11.148654226578248,2
45,47,15.76992525333924,35.95218907155161,58.06134483921352,14.078429819384732,3
55,98,13.549533029125698,93.96798409586971,43.983488779754666,15.225271090343945,2
20,25,5.194040507119891,130.6119190117651,43.36159577933617,5.049700266964797,1
27,80,4.661964953610223,131.60954957527957,30.437014642538365,17.47636973457569,1
71,39,5.549396001510826,111.40821688613555,37.421992411750374,19.161019796328112,2
98,97,5.952515070523174,114.40547307065765,55.98877307946544,5.497590811052525,2
66,21,16.67117313126358,88.1098423210981,34.93885284776006,17.76969369282767,2
75,92,19.042568756315305,91.85353262321547,42.453748186041636,2.842596487805812,2
33,56,14.18980502730763,28.71108139747252,30.429927176010036,2.0584298861896584,4
47,39,21.067407848546296,72.14028637898215,44.350064450116676,3.455252201952238,3
97,45,24.799054214873564,73.10867974409094,30.630633201786516,2.0970805098736838,3
21,48,20.860290469745188,144.18969699348364,54.588286591974,17.055232505959744,1
45,20,17.982294594547064,70.35216076726053,54.74561302461311,2.121952744707167,3
33,54,14.247332087054373,86.90797028638607,53.632265649071094,6.161619635909455,2
78,89,12.32362064851829,84.65519589907434,38.500922066733544,2.9713705271812714,2
75,78,3.941024752524474,99.1466403862058,55.11711654665454,6.613018689961534,2
26,88,11.185481213077892,114.75259638646543,46.28994397815808,2.720629884417489,2
22,52,22.93309664598909,41.5058626639221,41.21424326601007,13.692061764117266,3
42,70,20.584520487850718,84.021418673781,48.759898791126986,3.533209510508928,2
37,97,6.969181395268806,125.62847902424426,30.37023138181122,17.18507259093887,1
57,31,12.731979048035965,74.8360599372516,34.288826328022566,16.52662996380618,3
34,39,20.784633658846527,48.98405649230022,52.26880614510789,1.2595720239415789,4
83,72,3.549844760067018,101.65927054988187,37.32484826148459,18.018800754787176,2
47,62,10.910029470379165,125.32743541187722,47.94027351986249,1.549942018123974,1
93,69,21.592348448100797,18.839641009834786,41.55307808469089,5.553269914193576,4
58,48,11.289650875912846,118.75066767701179,55.64417336397784,1.615393617743906,2
76,76,3.78513682882314,125.03071061464797,58.57245917989931,7.381026253747004,1
36,58,14.478290476241783,74.61320986240496,56.50694185110571,10.76346398855216,3
63,75,21.820077383120793,147.66279195458543,38.1185998408079,16.136252511287623,1
44,62,15.576567487922674,120.13916769902328,35.824886071382466,7.421649458926886,1
36,69,7.204419488927331,118.31275908539321,44.23304680862205,14.404310468789218,2
32,42,10.83751126315977,114.69740041769005,30.220024525085407,4.562584685260626,2
44,63,12.35283730718444,31.08513445055836,30.774281785895454,15.261370678138402,3
87,57,15.323126137872118,40.41232410342151,46.59871918869,5.483935512275513,4
29,42,19.465073592310098,74.95861840501951,45.61348212495858,3.7273503629315905,3
86,64,4.274093205734614,46.96060899432522,59.8374596710578,4.5227681571070315,3
37,71,22.461996759404027,68.13373612676565,36.05525506091274,4.459199448755252,3
53,99,2.2831231693697385,134.38497538920888,37.743117874814054,10.744394708162831,1
27,69,10.51120369750787,125.40576486309769,33.4062192697886,17.051154042574776,1
59,27,2.630667129371126,98.20558298719752,57.52629028961234,2.512496462857607,2
61,20,11.038407182941699,130.1368551951545,53.334337333753524,14.432170051375032,1
60,27,14.093689774086446,119.72813446241489,54.67017334370543,13.432582733404296,2
25,48,13.76867189137477,70.05789045772467,57.08291363893527,17.577879084757885,3
71,24,5.809451981650103,38.14912128699232,45.746999601775144,5.638803649631237,3
45,66,16.85203173219908,81.9881456013075,43.53579574352171,9.552087315015562,2
83,53,3.029904361607369,113.07204355399702,39.9117442099685,18.59072011442683,2
78,84,19.523856863045555,71.09874382214302,47.67643843043567,13.539875552571026,3
75,74,23.772821981851564,103.3480673697456,43.62835190369468,8.386599844370341,2
78,62,9.814683024475713,23.20583968074611,43.54696759816726,3.4968352742501008,3
89,93,13.896505779429635,114.72066309199647,58.10783591193417,5.98721515011123,2
52,49,10.714936395352732,123.77990678502869,59.520945428373906,12.043094072298283,1
72,36,2.1543389769933787,108.95729980927577,53.89453167988742,14.64519100364976,2
41,45,10.875113566587666,145.41690225369118,52.70274270740785,3.364015850185976,1
40,27,20.20956596301097,125.73128804448966,50.41674485337305,12.392347940837027,1
89,66,15.707743370220081,136.43312190271536,34.98224557000541,11.456674297936269,1
89,95,4.328978036148655,140.69995168407073,31.773174626269636,10.765153487123452,1
23,91,21.484208262957058,122.1887188623332,50.72178945339789,14.112339235958151,1
94,65,14.214962932360585,104.39623788090988,51.86358666769728,16.911542306585773,2
81,87,21.35963732012755,10.8006013905105,31.409189732944192,7.136803980360499,4
81,52,15.345094932055675,75.21560545123745,57.84155250686544,17.89123161210823,3
43,20,14.872834231272618,89.96272180713054,32.73421918334033,4.052038639752463,2
74,38,4.420961259531285,52.56423814271995,38.577016013136074,4.287453525272123,3
28,50,5.8492738621884435,54.534622566486085,50.17169438396114,6.068669208854555,3
22,99,24.356580899421594,144.56231819942312,35.09617783213429,3.271086521394478,1
50,33,7.255195175359727,134.83952112838443,31.662476653267333,5.376065268974674,1
59,72,24.48139871377846,128.8850607702386,39.93439467492449,3.0218234951540475,1
55,67,14.233992250058057,66.84165223885549,52.97914724565537,16.613295922722415,3
43,88,5.1231480824705535,11.917797057248036,42.41036036955781,3.6404108458458673,3
25,81,4.283950663334938,21.231114503799972,49.589187657238185,15.19865359363728,3
85,85,6.803873626232019,53.70749155046451,47.3885729168441,1.910363490353341,3
94,83,23.28965859058272,12.204007819394779,30.66655446076741,19.021886222764387,3
23,89,11.525455159549216,12.400969468127736,59.6561996113712,14.512041663027556,3
98,82,11.09498816383703,138.32446222993755,31.242842664581634,1.129134423136124,1
25,92,9.203744004614002,108.86219029666756,59.034082129454546,15.513273503804067,2
70,52,5.3824225630315325,53.253838609541376,46.49592535093194,10.767556494557521,3
81,60,13.220577535425349,28.570240864133442,58.894770811952,15.807938236367276,3
76,67,4.99109899775619,81.6290005053108,33.44260798241506,10.927439368921181,2
85,32,21.216045436793536,10.748462519611024,44.71225557556539,13.179472295071738,3
98,92,10.51913068433205,141.37792414014015,35.08512275598176,15.94030145250577,1
94,96,10.620482058981317,68.0741167144526,31.529246310673273,8.697053037169278,3
27,50,12.902147855112585,66.32689373322658,48.525873451869344,1.0514548465885896,3
45,94,12.214937402812287,64.68310506144951,36.233502628850744,17.14898342295858,3
70,87,24.881733380364395,19.705966254287066,47.630910548626375,8.236916889868588,4
64,23,14.543765788020957,99.36511357085571,33.37093445846957,10.424811794315078,2
63,38,4.028639187167026,112.62050674796947,39.95959414298108,1.1475662009254055,2
24,89,15.95817885626939,104.65755566236064,53.44897674159742,10.349748196651861,2
89,32,5.486438736007239,29.380969066115203,43.11154565526563,19.74326062986286,3
45,42,2.7115658288208655,91.03762352498296,48.83236244692009,6.287085555556623,2
87,94,24.327069534576708,89.72782778411553,49.42373822236638,8.512947134605184,2
38,20,19.79139450529497,131.5775103117935,55.31265131961881,14.056609932904855,1
39,73,24.54250682551664,63.07787217259058,39.74768383219924,16.481079682949513,3
31,90,12.991204304511577,62.00803211232079,50.618866877475526,8.930440856115906,3
66,34,14.24192321642645,96.59378822054599,58.84847421138497,6.883708537624559,2
20,84,5.871749986139996,98.63017148993183,51.90730003073604,18.818690199716276,2
33,95,7.678870813354468,75.69993182561065,44.69611430153233,13.865754366761715,3
83,90,21.286631942765048,72.02831072625895,48.92152333475788,3.2614047853696806,3
57,34,10.192269883704665,79.18067388930358,52.19048693289324,2.309629684558324,3
56,40,21.016744397317638,130.54634193046365,48.36827297081617,10.187447165017012,1
30,38,18.30731565860173,74.5633661755474,30.500274404695176,5.181711254898176,3
96,79,6.074931281252907,141.59045087577513,35.84320493061678,5.825710314148816,1
22,52,13.671266420754069,80.56052690348565,54.31404651646398,17.676151397729114,2
52,68,17.579908394930488,142.8880970453248,38.17951941937454,2.7017544620099025,1
25,54,7.405855940487978,126.5964662616706,51.94686358683401,14.591918189348903,1
69,63,21.10583574196177,60.74038516621607,41.163606457250964,6.151702814231173,3
29,30,14.531036123539296,130.90979898152625,45.656529844738294,15.446236206678616,1
24,91,5.800567160179874,25.40885978815613,32.03919899458211,14.725816304807347,3
42,97,15.408641801785857,139.50660454802204,35.43676683149128,1.1404461274415674,1
29,93,24.993417495586023,98.43009211160482,58.71590890557704,10.673572845510384,2
63,85,5.461994308258512,17.614704793123565,56.70414160340742,3.647070165182881,3
21,65,20.785409392749145,100.19594131111361,49.56825332697151,17.458313580994858,2
32,28,6.768107073313833,146.39467158026585,43.78933792157212,17.560131774385724,1
59,22,19.99493157758201,19.772091646048047,50.27283878685671,8.948570342381403,4
21,45,18.895292231792503,87.65627936921209,48.55830867281817,9.44351675057053,2
84,91,8.911255868809945,114.69120896631213,47.056567668138364,6.762375848686015,2
82,67,9.493931703982346,123.43620213793439,31.775312155906256,14.61551968024059,1
92,85,20.22799201514714,67.93584514491141,48.98407831984521,7.814565897502724,3
36,89,12.613246773408191,38.58331828355402,53.06760133713505,6.088057015930041,4
28,47,18.808814660371603,15.927919028133736,59.822449639367264,9.212390130585657,4
94,45,5.4036353894142,91.16166199361146,30.33235657782929,2.738262849361716,2
34,44,21.60882898373573,73.40754983746551,51.9052035993203,15.185460888239872,3
43,31,18.350348483693338,142.82421532095952,47.15367947807941,1.2393316241639523,1
57,24,22.85968460320118,18.48468708008737,43.0215652824287,13.245216168891284,3
54,67,5.044564717804366,105.9553480824408,33.827105237141126,4.474426008342576,2
68,56,15.639333508293745,13.495271096808004,42.27255445904629,5.41567687807385,4
88,98,15.77977345592748,34.00078473947598,40.63131548958406,13.07700797416076,3
81,63,10.129597032575996,73.50105998919678,39.084896669362266,19.865925849875236,3
79,34,12.54472776509293,73.68214199240154,51.926388699666234,15.776632292378462,3
69,62,2.87357595566663,105.99807601071015,51.02176563852791,5.290953012244447,2
97,67,19.154780888421275,137.42982488148593,47.670602729427344,4.344470345781542,1
94,89,14.634417026273002,99.46450224808892,58.15994439880117,17.458424535085737,2
28,65,3.3280441929909967,143.49491369921122,40.49563152542564,9.439495010508582,1
53,62,17.65738553809117,133.42618958291968,37.31405813130539,3.6040032537349536,1
95,40,12.735987776317323,91.82997137431063,49.67709939295199,17.382017043116825,2
54,42,2.792608966775,126.73087312863582,35.964421828122084,16.50575470537097,1
20,99,24.300977717506193,99.96086544530877,39.45031521550274,19.69422091404611,2
59,66,23.82957929105713,20.9980963293218,36.73807320224655,18.285130047540996,3
83,34,13.796755571385544,113.6790612563314,32.07460703155504,17.18401643455029,2
41,44,4.154465676235935,23.28718177742847,54.8249622490702,1.9989135584090598,3
79,55,19.35628809676761,93.17158927975974,37.63621628764984,2.9838920204642427,2
83,94,13.314415302431769,108.36962882015203,44.190825100290624,11.810680691778334,2
91,70,8.956292000655738,19.313865149519735,31.29945819762936,11.098105679354596,3
30,34,13.302618083156805,42.31125154971445,50.980183987579295,9.701301075301174,4
33,87,14.016215344325683,138.19411251663098,39.91683006918873,8.5389971828771,1
79,40,14.942369077513801,96.28402891260549,52.3421018348763,9.192999212422249,2
49,32,12.148145414072511,44.48004263347442,42.37209181403598,11.816660748561109,3
54,38,15.932371972198304,106.69516796072092,35.87266819216874,1.039453834401543,2
56,53,23.13089834394668,93.54869879463655,45.39525246846108,5.953466708524192,2
24,97,10.332166003267597,80.22059798851276,33.915136789123196,10.847314693085512,2
97,87,18.69147865405883,146.6661764983317,43.21617479618984,14.722105874799277,1
45,71,22.57240880695734,105.68352883705124,39.5191643226146,4.3089771555125305,2
81,46,12.487523342478548,62.56175535350777,57.358787525988994,11.390742301961225,3
23,48,12.199484236783794,122.01028049076152,31.8278616516216,14.574733993829852,1
61,47,15.84869066315993,133.8416610089663,50.820522423172264,9.447925500364189,1
37,54,15.602355466717226,27.530878332356398,35.482534979623075,1.51454153973097,4
59,27,20.551554873504372,38.077416898337304,39.5713522299672,9.536095010847097,4
91,35,12.959117826900732,40.27178127788916,42.46542189186198,6.632452867138909,4
58,55,24.910827841707146,106.76965331411566,57.240452681249224,18.66334254632524,2
33,49,3.367846083947458,94.42553770745967,37.277347982214756,3.3676543278882196,2
51,37,2.07286051735614,96.65881905780235,32.739264076340106,13.39704315463741,2
70,21,16.72456116587135,141.70826195653012,39.56068811971571,2.0016755603555216,1
57,68,8.864002984323164,118.62761459302284,33.140279116066,9.477238318441234,2
42,96,7.528794940088128,27.911169431649647,33.85789457881658,11.525610257181532,3
82,23,9.17367884009845,58.65099153952534,47.2155179392508,6.661143695020444,3
34,94,7.889093997413949,70.955110464603,31.8270579929848,9.646437074887304,3
44,26,2.7081711421903005,65.4346224246647,30.92792644180698,4.10752209607356,3
36,93,24.34525997498354,103.70320528266308,51.432423044114934,6.778353139892687,2
85,58,7.077146234413981,134.86503445591876,40.849412845231335,12.801020173293857,1
97,32,18.882684539554045,52.84720489319032,33.7612604770162,6.734201061361947,4
72,50,19.53971707796603,87.26279909896598,37.60838312579125,18.095118489768563,2
70,90,23.372920154166273,120.517319067902,49.26259522057197,12.939732195178806,1
58,82,2.7026375131477396,68.2705282383489,38.26609701422554,9.334331350283705,3
70,75,22.057111784281176,33.53653797590142,44.835633753612235,1.736381775529467,4
89,61,14.126202159315405,76.49313513692475,33.650859201800166,10.491418368888754,3
25,80,16.54851452921404,17.731152904023986,47.64280912816341,15.530748600376695,3
86,61,16.822816373783773,141.93368356031877,39.482330515297924,6.0455943622358586,1
26,75,20.855349514648733,20.474968727296226,48.809053035861496,16.32869782332658,3
70,55,9.668368409659543,71.38394013508093,54.251846469120686,5.7843285549667485,3
91,87,18.860177366779848,84.18337655239367,48.349392581699774,16.651181371065206,2
61,26,14.157296523610533,147.94253652021996,38.87242687785062,2.6200984906218707,1
83,73,20.248062329022996,33.24305531000051,37.67231104644901,17.457490468511562,3
34,20,24.78255875371307,26.0204126057302,39.82262876200344,10.484542567733278,3
48,63,6.614973400286509,11.218860588756101,34.93861539709515,6.634214202784978,3
52,64,24.876918755879952,31.780001161702323,35.435155525500605,6.037151757887827,4
46,66,4.065679548503802,39.018217069473465,53.720733057005035,9.20820061967689,3
55,32,2.053303601810719,98.28133182163292,41.54197729522335,19.981940463969256,2
48,41,3.015724532090119,40.75895065479605,43.07985541711757,5.186220475314069,3
57,40,9.860995308945519,12.87291406210553,47.82148396700433,2.9611163287009927,3
76,28,16.556845605603986,125.72656837034842,47.68960485454643,12.115668205654575,1
46,45,3.5876794404205414,61.18339814055535,32.021306145657775,10.282306862364885,3
74,28,2.130313734180047,59.517536121302754,54.94622359012997,10.95972915020284,3
52,34,23.55309365455228,52.34706408350972,35.319796596718184,13.671772933587125,3
87,29,20.90431262661838,146.55225880049892,51.692149081490065,6.0757373275423365,1
85,61,20.611212936197713,33.816158423299406,53.180129643845,18.30263491229388,3
29,91,22.341758336545475,135.75332895345292,51.44698602273941,9.277769256323516,1
24,43,18.1007882737584,118.75246649958432,47.36932939662435,3.452637707706774,2
93,99,4.401294984205873,20.70719376990383,30.438269913266485,15.103676377944941,3
57,68,11.17930432569563,148.1420742101188,40.81126477089512,13.218982699739154,1
32,45,18.63243818868648,47.991234895461474,48.145182880877435,6.999124647196705,4
50,56,8.44769259820498,23.801609783137728,41.62353887767616,12.808855756646922,3
66,87,17.810346375133463,126.10399277760632,55.90439684738439,5.17737717101056,1
71,69,2.563464310156004,108.93457471487798,39.26406826048846,9.451947827470061,2
75,43,9.041158840230644,96.41063282290611,38.80604377375981,18.08883792117918,2
34,38,14.629997734374971,31.837320917850644,37.97993079277974,3.537150430054239,4
48,79,16.538066078643574,76.98945627583467,39.98342606882387,8.347232549761777,3
27,58,15.271935282623948,119.27784376420993,46.722148929425614,16.6017060696866,2
24,93,18.048394349688877,52.50735134013764,51.21045882817772,19.420327088717386,3
48,37,2.1400412095162986,53.636575992105804,49.877037532163556,9.624596592014122,3
66,38,4.321647599482994,10.439726846737097,54.23153459944439,10.632992782723601,3
87,55,21.985717802420336,34.394076230353136,56.577419864922746,11.871267273891625,3
95,93,17.680218814073708,132.55678751705682,54.48237127030054,18.714614691040506,1
64,74,4.59742778177826,71.844508829279,30.568362101230637,17.305929028563565,3
21,88,21.36771206016732,147.79282989282075,52.07753860655966,4.241421367811243,1
46,66,7.571318009965039,65.39911490033096,36.25198720854995,9.298398539094425,3
55,68,12.99997733649014,110.12610366923377,33.98784128123948,9.8160081357321,2
55,52,5.3395197963471865,49.468666006662076,49.15466354397407,15.992826121326377,3
45,40,18.332531297699255,60.93334975973069,39.59229586223085,12.45496476950327,3
62,41,17.33765168332816,36.701638262725254,31.7135149011133,13.430188778551246,3
46,67,6.855586836821132,58.5887315899153,34.12889203195084,19.965798245646734,3
88,56,21.858217637711043,86.61325285889004,30.02788250609883,2.424240825930248,2
39,34,11.23003855705338,148.84820333709493,57.09670882034122,5.237186647140927,1
30,54,8.727847094627062,102.98823983004999,30.738539515237157,8.75002281005939,2
93,90,5.503580557684316,37.89443361716397,36.28367308528533,7.607865657928857,3
57,51,8.121864287857361,16.294601822817157,42.48788342063722,1.4112656655926883,3
25,30,2.506619188147791,27.689907384031486,40.69713977852457,2.7437745229523407,3
91,29,15.414922326490657,88.75772817822663,57.351776307383275,13.938112536667948,2
42,92,21.371307165910803,117.12244603434729,31.208668372036264,17.707164803888652,2
66,97,14.626550337157761,141.65868902210457,45.36644123031155,10.770313214053575,1
65,96,7.043301124249141,12.215244079554914,50.41438387573122,11.244630510759027,3
31,76,2.7743910989190725,83.18641981866178,57.95093921043507,5.846775223815208,2
32,44,6.936445684952465,75.92142987124475,48.61113756371163,15.589650909040516,3
81,21,11.570792845635124,101.84770307659856,54.11265708035288,15.28409715997787,2
79,83,19.47106286009532,88.34103962514787,32.51174813536045,12.178948095135476,2
62,54,6.320385608368804,106.18548108154728,41.57818532810782,5.040621443715514,2
95,26,18.555203427157778,102.13156186488665,41.218414034372024,2.8433461465046994,2
87,37,21.939469772093325,26.381641480112467,56.58864649367153,2.220532941285392,5
24,86,12.440777506492212,121.96050790662073,34.54113513789825,12.261225266214678,1
56,61,20.892935807779647,27.252560600285477,34.556585170098906,16.675671063713203,3
91,58,14.757119004807198,107.7942875292792,39.85674449657395,17.30827820383757,2
50,60,16.653089252860816,68.26035146968493,31.633981421005128,9.808819412525546,3
28,94,14.104404587778662,81.9391028407237,35.473741219574705,15.90115468682762,2
70,43,12.652972485280861,136.46172201259947,58.95628915637205,18.99072373047945,1
48,79,7.397029160844535,134.58372170628812,42.845518196015185,6.228232137273292,1
97,65,8.973463367604058,124.49988279170414,48.96057625267309,8.561246581234386,1
59,38,8.669312735703008,81.42077326388525,51.78333778033911,18.698100859336932,2
60,87,14.955645411937738,113.07357341873663,41.00884221021602,7.426388379028412,2
30,61,4.758934939549468,81.80558777263332,34.41681223231551,18.36364951611413,2
42,51,23.08620888615371,131.74485154646885,36.197430486653424,19.63985238283485,1
20,58,18.575068341511606,66.38861665260598,39.39799429741831,13.57440384291407,3
